NF;Pagina_PDF_28_paginas;Quantidade_conservadora;Datas_consideradas;Criterio
327;7;7;19, 23, 25, 27, 28, 29 e 30/09/2023;"Descrição expressa de transmissão simultânea com gravação; somente NF final, sem 322/326."
356;10;9;"08, 14, 16, 25, 27, 28 e 30/11; 01 e 04/12/2023";"11 linhas, valor de 11 serviços do item 1; consideradas apenas 9 datas distintas, abaixo das 10 ocorrências da memória."
385;11;7;"13/12/2023; 26, 27 e 31/01; 02 e 23/02; 02/03/2024";"Somente NF final; não somar NF 384; sete datas e valor correspondente a sete serviços do item 1."
402;13;3;11, 17 e 18/05/2024;"Substitui NF 401; três datas e valor correspondente a três serviços do item 1."
405;14;3;08, 21 e 24/06/2024;"Três datas; valor correspondente a três serviços do item 1."
421;16;8;"10, 13, 15, 20, 24 e 31/07; 02 e 03/08/2024";"Excluídos os dois registros de eleições, em nota de valor misto; excluída também a data 17/08, presente na NF 434. Não somar NF 414."
434;17;10;"10, 17, 23 e 31/08; 13, 14, 18, 25 e 30/09; 04/10/2024";Dez datas e dez serviços do item 1. A data 17/08 foi excluída da NF 421 por conservadorismo, embora os eventos identificados sejam distintos.
439;18;5;18, 19, 20, 25 e 26/10/2024;Cinco datas, cinco serviços do item 1.
468;21;4;"30/10; 23 e 27/11; 13/12/2024";"Seis eventos, quatro datas distintas; três eventos em 27/11 contados como uma diária. Usada só a versão final, sem 457/467."
490;22;7;"31/01; 05 e 21/02; 12, 14, 21 e 28/03/2025";"Excluída a assembleia de 11/03, individualizada a R$ 51,40, correspondente a gravação sem transmissão; restantes individualizados a R$ 1.469,24."
522;23;3;"05/04; 10 e 24/05/2025";"Três datas, valor correspondente a três serviços do item 1; cabeçalho mensal genérico não foi usado para determinar as datas."
