arquivo_zip,documento,bytes,sha256
i_Diligencia_I_Contratacoes_e_Aditivos.zip,Propostas e documentos dos licitantes\TIME CINE\Extraídos\Diligencia_01-10-2026\I_Contratos\01 - ATA PEDRO II - 18_2022-2023.pdf,2724889,d24b4d20e6d48bd312646d4758fe97853285d3f0793efa3826de774e875b4a35
i_Diligencia_I_Contratacoes_e_Aditivos.zip,Propostas e documentos dos licitantes\TIME CINE\Extraídos\Diligencia_01-10-2026\I_Contratos\02_-_ACT - PEDRO II ATA 18_2022.pdf,278639,9ba341c9985f678e80a43da8c4fa139776e9bc6ec3c323d710d97a8e5996cd8a
i_Diligencia_I_Contratacoes_e_Aditivos.zip,Propostas e documentos dos licitantes\TIME CINE\Extraídos\Diligencia_01-10-2026\I_Contratos\03 - ATA PEDRO II - 70001_2024.pdf,590905,79b245a38d32ea06d6d0a0e3e752f50afbd9005cc3568ef36847b0b422920131
i_Diligencia_I_Contratacoes_e_Aditivos.zip,Propostas e documentos dos licitantes\TIME CINE\Extraídos\Diligencia_01-10-2026\I_Contratos\04_ACT_Pedro_II_ATA_70001_2024.pdf,246900,c5bf3443374bf3a98fe1fdac2636a96f270cba749332a2e752c81a2dfceef406
i_Diligencia_I_Contratacoes_e_Aditivos.zip,Propostas e documentos dos licitantes\TIME CINE\Extraídos\Diligencia_01-10-2026\I_Contratos\05_ATA_CREMERJ_ARP_11_2022_Pregao_16_2022.pdf,1580326,67a36f7bedba3c5159a52b12d0518c9da061c2b6d9c9a5816ee577e38ea47421
i_Diligencia_I_Contratacoes_e_Aditivos.zip,Propostas e documentos dos licitantes\TIME CINE\Extraídos\Diligencia_01-10-2026\I_Contratos\06_ACT_CREMERJ_ARP_11_2022 - Pregao_16_2022.pdf,718880,bdcb44144343daa622224696f6e7abb2af626284045bb3da53d737996170c173
i_Diligencia_I_Contratacoes_e_Aditivos.zip,Propostas e documentos dos licitantes\TIME CINE\Extraídos\Diligencia_01-10-2026\I_Contratos\07-ATA CREMERJ_2-2023- Pregão 02_2023.pdf,1458417,4f9e2f59fccb107df66e8f612456471d915fa8706fcb282393832a14bdb8bdc2
i_Diligencia_I_Contratacoes_e_Aditivos.zip,Propostas e documentos dos licitantes\TIME CINE\Extraídos\Diligencia_01-10-2026\I_Contratos\08_ACT_CREMERJ_Contrato_02_2024_16_08_2024.pdf,1508495,6534e3876612a5e3c66f9855ad331fff981d8a1f53b40968acdda91a750f132d
i_Diligencia_I_Contratacoes_e_Aditivos.zip,Propostas e documentos dos licitantes\TIME CINE\Extraídos\Diligencia_01-10-2026\I_Contratos\09_Contrato_CREMERJ_02_2024.pdf,1368548,681bd9962aff523935b8e20388751494d27a84ca11c65e1f8e03cc51fdcbd61d
i_Diligencia_I_Contratacoes_e_Aditivos.zip,Propostas e documentos dos licitantes\TIME CINE\Extraídos\Diligencia_01-10-2026\I_Contratos\10_CREMERJ_1o_Aditivo_Contrato_02_2024.pdf,1344449,a46833a9b348063750c9a9f4bc516bb14366f8e07ae5225465523746aa1ab39b
i_Diligencia_I_Contratacoes_e_Aditivos.zip,Propostas e documentos dos licitantes\TIME CINE\Extraídos\Diligencia_01-10-2026\I_Contratos\11_CREMERJ_2o_Aditivo_Contrato_02_2024.pdf,97326,527da8c4d7387698699cd406cc84c365b04b74e51dc3dea12161a05205719029
i_Diligencia_I_Contratacoes_e_Aditivos.zip,Propostas e documentos dos licitantes\TIME CINE\Extraídos\Diligencia_01-10-2026\I_Contratos\12_ACT_CREMERJ_Contrato_02_2024_19_08_2025.pdf,89829,92ac452c75ba8ae58989c89e4de96b3c31bf897c3261032593efe489b11a8e79
ii_Diligencia_II_Quantitativos_CREMERJ.zip,Propostas e documentos dos licitantes\TIME CINE\Extraídos\Diligencia_01-10-2026\II_Quantitativos\00_Resposta_Diligencia_Item_II_CREMERJ_Pedro_II_v2.pdf,309956,0403782e5ebcb0d2390aea38aa8c2885308cc106c6fe171579dd3bf9205997cd
ii_Diligencia_II_Quantitativos_CREMERJ.zip,Propostas e documentos dos licitantes\TIME CINE\Extraídos\Diligencia_01-10-2026\II_Quantitativos\01_Notas_Fiscais_Ordem_Cronologica_2023_2026.pdf,1583957,781e04d4fd50275ab55d3c0b2563ed53f770a32f629b8c97d21a5378f3c8fc22
ii_Diligencia_II_Quantitativos_CREMERJ.zip,Propostas e documentos dos licitantes\TIME CINE\Extraídos\Diligencia_01-10-2026\II_Quantitativos\03-ACT-plenárias do CAURJ 2025-2026.pdf,129780,6b3c1cc2bfd1de5ed642a148546def0bdb283b90e044fa32ff575f30a242f4e8
ii_Diligencia_II_Quantitativos_CREMERJ.zip,Propostas e documentos dos licitantes\TIME CINE\Extraídos\Diligencia_01-10-2026\II_Quantitativos\04-ACT-plenárias do CAURJ 2024-2025.pdf,125000,c7eb3f61f5b9d08d774a95dda0f6159a131f7359af912dbefad6b2f6fa3e7b20
ii_Diligencia_II_Quantitativos_CREMERJ.zip,Propostas e documentos dos licitantes\TIME CINE\Extraídos\Diligencia_01-10-2026\II_Quantitativos\05-ACT-ao-vivo-Televisores-Sonorização.pdf,67128,077a8b3fcf1ba641a2bab6ac22db2823f4e6304fda0dfd23633d95c3aefb0623
ii_Diligencia_II_Quantitativos_CREMERJ.zip,Propostas e documentos dos licitantes\TIME CINE\Extraídos\Diligencia_01-10-2026\II_Quantitativos\06-ACT-e-NF-ao-vivo-Led-Som Led.pdf,3262799,cf132f516be97af167a0da1b47a0cb904d8ca1c00cb39e85ee8bc820695e2de7
ii_Diligencia_II_Quantitativos_CREMERJ.zip,Propostas e documentos dos licitantes\TIME CINE\Extraídos\Diligencia_01-10-2026\II_Quantitativos\07-ACT-ao-vivo-e-Eletrobras.pdf,211062,9200976bd9e53a8a128ee119020f53f2077531ddb50d8894281d4bd30cdf5f15
ii_Diligencia_II_Quantitativos_CREMERJ.zip,Propostas e documentos dos licitantes\TIME CINE\Extraídos\Diligencia_01-10-2026\II_Quantitativos\08-ACT-ao-vivo-Notebook-Locação-Som-firjan.pdf,414189,0a9a4961dea61b4f25cb3aa6f2c5cc150a0da4915ff40bbca07a30d9919567c4
iii_Diligencia_III_Enquadramento_ME_EPP.zip,Propostas e documentos dos licitantes\TIME CINE\Extraídos\Diligencia_01-10-2026\III_ME_EPP\Declaração Contábil (2) assinado.pdf,348525,4c1784a417064a268725112e5d7c565400e831be7e070bd0049206cdd0b83842
